{
	"credit": "Made with Blockbench",
	"textures": {
		"0": "items/gun"
	},
	"elements": [
		{
			"name": "Trigger1",
			"from": [7.5, 7.4, 5.6],
			"to": [8.5, 8.4, 6],
			"faces": {
				"north": {"uv": [9, 9, 10, 10], "texture": "#0"},
				"east": {"uv": [12, 13, 12.4, 14], "texture": "#0"},
				"south": {"uv": [10, 12, 11, 13], "texture": "#0"},
				"west": {"uv": [9, 14, 13.4, 9], "texture": "#0"},
				"up": {"uv": [11, 12, 8, 9.4], "texture": "#0"},
				"down": {"uv": [10, 10, 11, 10.4], "texture": "#0"}
			}
		},
		{
			"name": "Handle",
			"from": [7, 5, 7],
			"to": [9, 10, 9],
			"rotation": {"angle": -22.5, "axis": "x", "origin": [8, 8, 8]},
			"faces": {
				"north": {"uv": [2, 9, 4, 14], "texture": "#0"},
				"east": {"uv": [1, 9, 3, 14], "texture": "#0"},
				"south": {"uv": [2, 9, 4, 14], "texture": "#0"},
				"west": {"uv": [1, 9, 3, 14], "texture": "#0"},
				"up": {"uv": [2, 12, 4, 14], "texture": "#0"},
				"down": {"uv": [3, 12, 5, 14], "texture": "#0"}
			}
		},
		{
			"name": "Trigger2",
			"from": [7.5, 7.2, 6],
			"to": [8.5, 7.6, 8],
			"faces": {
				"north": {"uv": [10, 10, 11, 10.4], "texture": "#0"},
				"east": {"uv": [9, 11, 11, 11.4], "texture": "#0"},
				"south": {"uv": [12, 13, 13, 13.4], "texture": "#0"},
				"west": {"uv": [10, 12, 12, 12.4], "texture": "#0"},
				"up": {"uv": [9, 12, 10, 14], "texture": "#0"},
				"down": {"uv": [9, 10, 10, 12], "texture": "#0"}
			}
		},
		{
			"name": "Barrel2",
			"from": [7, 8.4, 8],
			"to": [9, 10.6, 9],
			"faces": {
				"north": {"uv": [2, 10, 4, 12.2], "texture": "#0"},
				"east": {"uv": [3, 10, 4, 12.2], "texture": "#0"},
				"south": {"uv": [1, 11, 3, 13.2], "texture": "#0"},
				"west": {"uv": [2, 11, 3, 13.2], "texture": "#0"},
				"up": {"uv": [2, 11, 4, 12], "texture": "#0"},
				"down": {"uv": [2, 12, 4, 13], "texture": "#0"}
			}
		},
		{
			"name": "Muzzle",
			"from": [7.6, 8.8, -0.4],
			"to": [8.6, 10, 0],
			"faces": {
				"north": {"uv": [9, 3, 10, 4.2], "texture": "#0"},
				"east": {"uv": [11, 2, 11.4, 3.2], "texture": "#0"},
				"south": {"uv": [10, 4, 11, 5.2], "texture": "#0"},
				"west": {"uv": [12, 4, 12.4, 5.2], "texture": "#0"},
				"up": {"uv": [9, 4, 10, 4.4], "texture": "#0"},
				"down": {"uv": [10, 3, 11, 3.4], "texture": "#0"}
			}
		},
		{
			"name": "Barrel1",
			"from": [7.5, 8, 0.6],
			"to": [8.5, 8.4, 5.5],
			"faces": {
				"north": {"uv": [7, 14, 8, 14.4], "texture": "#0"},
				"east": {"uv": [8, 11, 12.9, 11.4], "texture": "#0"},
				"south": {"uv": [9, 12, 10, 12.4], "texture": "#0"},
				"west": {"uv": [9, 12, 13.9, 12.4], "texture": "#0"},
				"up": {"uv": [9, 11, 10, 15.9], "texture": "#0"},
				"down": {"uv": [10, 8, 11, 12.9], "texture": "#0"}
			}
		},
		{
			"name": "Barrel3",
			"from": [9, 8.6, 0.3],
			"to": [9.2, 10.26, 8.8],
			"faces": {
				"north": {"uv": [10, 12, 10.2, 13.66], "texture": "#0"},
				"east": {"uv": [10, 12, 15.5, 14.2], "texture": "#0"},
				"south": {"uv": [12, 13, 12.2, 14.66], "texture": "#0"},
				"west": {"uv": [10, 11, 14.5, 13.2], "texture": "#0"},
				"up": {"uv": [10, 12, 14, 13.5], "texture": "#0"},
				"down": {"uv": [10, 10, 13, 15.5], "texture": "#0"}
			}
		},
		{
			"name": "Side",
			"from": [7, 8.4, 0],
			"to": [9, 10.6, 8.5],
			"faces": {
				"north": {"uv": [1, 10, 3, 12.2], "texture": "#0"},
				"east": {"uv": [0, 11, 5.5, 13.2], "texture": "#0"},
				"south": {"uv": [3, 11, 5, 13.2], "texture": "#0"},
				"west": {"uv": [0, 11, 4.5, 13.2], "texture": "#0"},
				"up": {"uv": [1, 9, 5, 10.5], "texture": "#0"},
				"down": {"uv": [2, 9, 5, 14.5], "texture": "#0"}
			}
		},
		{
			"name": "Sides",
			"from": [7.9, 10.6, 0.3],
			"to": [8.1, 11, 1.3],
			"faces": {
				"north": {"uv": [10, 12, 10.2, 12.4], "texture": "#0"},
				"east": {"uv": [10, 12, 15.5, 14.2], "texture": "#0"},
				"south": {"uv": [12, 13, 12.2, 13.4], "texture": "#0"},
				"west": {"uv": [10, 11, 14.5, 13.2], "texture": "#0"},
				"up": {"uv": [10, 12, 14, 13.5], "texture": "#0"},
				"down": {"uv": [10, 10, 13, 15.5], "texture": "#0"}
			}
		},
		{
			"name": "Cube",
			"from": [6.8, 8.6, 0.3],
			"to": [7, 10.26, 8.8],
			"faces": {
				"north": {"uv": [10, 12, 10.2, 13.66], "texture": "#0"},
				"east": {"uv": [10, 12, 15.5, 14.2], "texture": "#0"},
				"south": {"uv": [12, 13, 12.2, 14.66], "texture": "#0"},
				"west": {"uv": [10, 11, 14.5, 13.2], "texture": "#0"},
				"up": {"uv": [10, 12, 14, 13.5], "texture": "#0"},
				"down": {"uv": [10, 10, 13, 15.5], "texture": "#0"}
			}
		},
		{
			"name": "Cube",
			"from": [7.4, 10.6, 0.3],
			"to": [8.6, 10.7, 8.3],
			"faces": {
				"north": {"uv": [10, 12, 11.2, 12.1], "texture": "#0"},
				"east": {"uv": [10, 12, 15.5, 14.2], "texture": "#0"},
				"south": {"uv": [12, 13, 13.2, 13.1], "texture": "#0"},
				"west": {"uv": [10, 11, 14.5, 13.2], "texture": "#0"},
				"up": {"uv": [10, 12, 14, 13.5], "texture": "#0"},
				"down": {"uv": [10, 10, 13, 15.5], "texture": "#0"}
			}
		},
		{
			"name": "Cube",
			"from": [7.4, 10.6, 0.3],
			"to": [7.6, 11.1, 1.3],
			"faces": {
				"north": {"uv": [10, 12, 10.2, 12.5], "texture": "#0"},
				"east": {"uv": [10, 12, 15.5, 14.2], "texture": "#0"},
				"south": {"uv": [12, 13, 12.2, 13.5], "texture": "#0"},
				"west": {"uv": [10, 11, 14.5, 13.2], "texture": "#0"},
				"up": {"uv": [10, 12, 14, 13.5], "texture": "#0"},
				"down": {"uv": [10, 10, 13, 15.5], "texture": "#0"}
			}
		},
		{
			"name": "Cube",
			"from": [8.4, 10.6, 0.3],
			"to": [8.6, 11.1, 1.3],
			"faces": {
				"north": {"uv": [10, 12, 10.2, 12.5], "texture": "#0"},
				"east": {"uv": [10, 12, 15.5, 14.2], "texture": "#0"},
				"south": {"uv": [12, 13, 12.2, 13.5], "texture": "#0"},
				"west": {"uv": [10, 11, 14.5, 13.2], "texture": "#0"},
				"up": {"uv": [10, 12, 14, 13.5], "texture": "#0"},
				"down": {"uv": [10, 10, 13, 15.5], "texture": "#0"}
			}
		},
		{
			"name": "Cube",
			"from": [8.4, 10.6, 7.3],
			"to": [8.6, 11.1, 8.3],
			"faces": {
				"north": {"uv": [10, 12, 10.2, 12.5], "texture": "#0"},
				"east": {"uv": [10, 12, 15.5, 14.2], "texture": "#0"},
				"south": {"uv": [12, 13, 12.2, 13.5], "texture": "#0"},
				"west": {"uv": [10, 11, 14.5, 13.2], "texture": "#0"},
				"up": {"uv": [10, 12, 14, 13.5], "texture": "#0"},
				"down": {"uv": [10, 10, 13, 15.5], "texture": "#0"}
			}
		},
		{
			"name": "Cube",
			"from": [7.4, 10.6, 7.3],
			"to": [7.6, 11.1, 8.3],
			"faces": {
				"north": {"uv": [10, 12, 10.2, 12.5], "texture": "#0"},
				"east": {"uv": [10, 12, 15.5, 14.2], "texture": "#0"},
				"south": {"uv": [12, 13, 12.2, 13.5], "texture": "#0"},
				"west": {"uv": [10, 11, 14.5, 13.2], "texture": "#0"},
				"up": {"uv": [10, 12, 14, 13.5], "texture": "#0"},
				"down": {"uv": [10, 10, 13, 15.5], "texture": "#0"}
			}
		},
		{
			"name": "Cube",
			"from": [7.9, 10.6, 7.3],
			"to": [8.1, 11, 8.3],
			"faces": {
				"north": {"uv": [10, 12, 10.2, 12.4], "texture": "#0"},
				"east": {"uv": [10, 12, 15.5, 14.2], "texture": "#0"},
				"south": {"uv": [12, 13, 12.2, 13.4], "texture": "#0"},
				"west": {"uv": [10, 11, 14.5, 13.2], "texture": "#0"},
				"up": {"uv": [10, 12, 14, 13.5], "texture": "#0"},
				"down": {"uv": [10, 10, 13, 15.5], "texture": "#0"}
			}
		}
	],
	"display": {
		"thirdperson_righthand": {
			"rotation": [-0.75, 0, 0],
			"translation": [0, 0.07, -0.13],
			"scale": [0.95, 0.95, 0.95]
		},
		"firstperson_righthand": {
			"rotation": [0.7, 0, 7],
			"translation": [1, 2, -1.8],
			"scale": [1.5, 1.3, 1.3]
		},
		"firstperson_lefthand": {
			"rotation": [0.7, 8, 7],
			"translation": [1, 2, -1.8],
			"scale": [1.5, 1.3, 1.3]
		},
		"ground": {
			"scale": [1.4, 1.4, 1.4]
		},
		"gui": {
			"rotation": [10, -112, 0],
			"translation": [-4, 0, 0],
			"scale": [1.39, 1.39, 1.39]
		},
		"head": {
			"rotation": [0, 90, 0]
		},
		"fixed": {
			"translation": [-0.76, 0, -1.51],
			"scale": [0.88, 0.82, 0.82]
		}
	}
}