{
	"credit": "Made with Blockbench",
	"textures": {
		"2": "items/trident_fangs",
		"diamond_sword": "items/diamond_sword"
	},
	"elements": [
		{
			"name": "Voxels",
			"from": [1, 8, -3],
			"to": [14, 11, -2],
			"rotation": {"angle": 0, "axis": "y", "origin": [13, 0, 0]},
			"faces": {
				"north": {"uv": [0, 14.5, 3.25, 15.25], "texture": "#diamond_sword"},
				"east": {"uv": [6.25, 8.25, 6.5, 9], "texture": "#diamond_sword"},
				"south": {"uv": [3.25, 15.25, 0, 16], "texture": "#diamond_sword"},
				"west": {"uv": [7.5, 10.5, 7.25, 11.25], "texture": "#diamond_sword"},
				"up": {"uv": [3.25, 16, 6.5, 15.75], "rotation": 180, "texture": "#diamond_sword"},
				"down": {"uv": [3.25, 12.25, 6.5, 12.5], "rotation": 180, "texture": "#diamond_sword"}
			}
		},
		{
			"name": "Voxels",
			"from": [12, 9, -2],
			"to": [14, 10, -1],
			"rotation": {"angle": 0, "axis": "y", "origin": [13, 0, 0]},
			"faces": {
				"north": {"uv": [6, 10, 6.5, 10.25], "texture": "#diamond_sword"},
				"east": {"uv": [9.5, 13.75, 9.75, 14], "texture": "#diamond_sword"},
				"south": {"uv": [6.5, 10.25, 6, 10.5], "texture": "#diamond_sword"},
				"west": {"uv": [9.75, 13.5, 9.5, 13.75], "texture": "#diamond_sword"},
				"up": {"uv": [6, 10.75, 6.5, 10.5], "rotation": 180, "texture": "#diamond_sword"},
				"down": {"uv": [2.75, 11.5, 3.25, 11.75], "rotation": 180, "texture": "#diamond_sword"}
			}
		},
		{
			"name": "Voxels",
			"from": [12, 8, -2],
			"to": [13, 9, -1],
			"rotation": {"angle": 0, "axis": "y", "origin": [13, 0, 0]},
			"faces": {
				"north": {"uv": [13.75, 14.25, 14, 14.5], "texture": "#diamond_sword"},
				"east": {"uv": [3.75, 12.5, 4, 12.75], "texture": "#diamond_sword"},
				"south": {"uv": [13.25, 14.25, 13, 14.5], "texture": "#diamond_sword"},
				"west": {"uv": [4.25, 12.5, 4, 12.75], "texture": "#diamond_sword"},
				"up": {"uv": [12.75, 14.5, 13, 14.25], "rotation": 180, "texture": "#diamond_sword"},
				"down": {"uv": [9.5, 8, 9.75, 8.25], "rotation": 180, "texture": "#diamond_sword"}
			}
		},
		{
			"name": "Voxels",
			"from": [7, 9, 27],
			"to": [9, 10, 28],
			"rotation": {"angle": 0, "axis": "y", "origin": [13, 0, 0]},
			"faces": {
				"north": {"uv": [15.5, 14.75, 16, 15], "texture": "#diamond_sword"},
				"east": {"uv": [8.75, 13.75, 9.25, 14], "texture": "#diamond_sword"},
				"south": {"uv": [16, 15, 15.5, 15.25], "texture": "#diamond_sword"},
				"west": {"uv": [9.25, 13.5, 8.75, 13.75], "texture": "#diamond_sword"},
				"up": {"uv": [7.5, 11.25, 8, 10.75], "rotation": 180, "texture": "#diamond_sword"},
				"down": {"uv": [2.75, 10.25, 3.25, 10.75], "rotation": 180, "texture": "#diamond_sword"}
			}
		},
		{
			"name": "Voxels",
			"from": [6, 9, 27],
			"to": [8, 10, 28],
			"rotation": {"angle": 0, "axis": "y", "origin": [13, 0, 0]},
			"faces": {
				"north": {"uv": [15.5, 14.75, 16, 15], "texture": "#diamond_sword"},
				"east": {"uv": [8.75, 13.75, 9.25, 14], "texture": "#diamond_sword"},
				"south": {"uv": [16, 15, 15.5, 15.25], "texture": "#diamond_sword"},
				"west": {"uv": [9.25, 13.5, 8.75, 13.75], "texture": "#diamond_sword"},
				"up": {"uv": [7.5, 11.25, 8, 10.75], "rotation": 180, "texture": "#diamond_sword"},
				"down": {"uv": [2.75, 10.25, 3.25, 10.75], "rotation": 180, "texture": "#diamond_sword"}
			}
		},
		{
			"name": "Voxels",
			"from": [7, 9, 28],
			"to": [8, 10, 29],
			"rotation": {"angle": 0, "axis": "y", "origin": [13, 0, 0]},
			"faces": {
				"north": {"uv": [15.5, 14.75, 16, 15], "texture": "#diamond_sword"},
				"east": {"uv": [8.75, 13.75, 9.25, 14], "texture": "#diamond_sword"},
				"south": {"uv": [16, 15, 15.5, 15.25], "texture": "#diamond_sword"},
				"west": {"uv": [9.25, 13.5, 8.75, 13.75], "texture": "#diamond_sword"},
				"up": {"uv": [7.5, 11.25, 8, 10.75], "rotation": 180, "texture": "#diamond_sword"},
				"down": {"uv": [2.75, 10.25, 3.25, 10.75], "rotation": 180, "texture": "#diamond_sword"}
			}
		},
		{
			"name": "Voxels",
			"from": [12, 10, -2],
			"to": [13, 11, -1],
			"rotation": {"angle": 0, "axis": "y", "origin": [13, 0, 0]},
			"faces": {
				"north": {"uv": [6.25, 9.5, 6.5, 9.75], "texture": "#diamond_sword"},
				"east": {"uv": [6.25, 9.25, 6.5, 9.5], "texture": "#diamond_sword"},
				"south": {"uv": [9.25, 11, 9, 11.25], "texture": "#diamond_sword"},
				"west": {"uv": [6.5, 9, 6.25, 9.25], "texture": "#diamond_sword"},
				"up": {"uv": [6.25, 11, 6.5, 10.75], "rotation": 180, "texture": "#diamond_sword"},
				"down": {"uv": [6.25, 11, 6.5, 11.25], "rotation": 180, "texture": "#diamond_sword"}
			}
		},
		{
			"name": "Voxels",
			"from": [7, 8, 27],
			"to": [8, 9, 28],
			"rotation": {"angle": 0, "axis": "y", "origin": [13, 0, 0]},
			"faces": {
				"north": {"uv": [10.25, 14, 10.5, 14.25], "texture": "#diamond_sword"},
				"east": {"uv": [9, 12.5, 9.25, 12.75], "texture": "#diamond_sword"},
				"south": {"uv": [9, 12.5, 8.75, 12.75], "texture": "#diamond_sword"},
				"west": {"uv": [9, 12.25, 8.75, 12.5], "texture": "#diamond_sword"},
				"up": {"uv": [15.75, 16, 16, 15.75], "rotation": 180, "texture": "#diamond_sword"},
				"down": {"uv": [6.25, 8, 6.5, 8.25], "rotation": 180, "texture": "#diamond_sword"}
			}
		},
		{
			"name": "Voxels",
			"from": [6, 9, 24],
			"to": [9, 10, 27],
			"rotation": {"angle": 0, "axis": "y", "origin": [13, 0, 0]},
			"faces": {
				"north": {"uv": [8, 9.25, 8.75, 9.5], "texture": "#diamond_sword"},
				"east": {"uv": [8, 9, 8.75, 9.25], "texture": "#diamond_sword"},
				"south": {"uv": [8.75, 9.5, 8, 9.75], "texture": "#diamond_sword"},
				"west": {"uv": [8.75, 8.75, 8, 9], "texture": "#diamond_sword"},
				"up": {"uv": [4.25, 14, 5, 13.25], "rotation": 180, "texture": "#diamond_sword"},
				"down": {"uv": [4.25, 12.5, 5, 13.25], "rotation": 180, "texture": "#diamond_sword"}
			}
		},
		{
			"name": "Voxels",
			"from": [7, 10, 27],
			"to": [8, 11, 28],
			"rotation": {"angle": 0, "axis": "y", "origin": [13, 0, 0]},
			"faces": {
				"north": {"uv": [8.75, 11.5, 9, 11.75], "texture": "#diamond_sword"},
				"east": {"uv": [9, 11.5, 9.25, 11.75], "texture": "#diamond_sword"},
				"south": {"uv": [9.25, 11.75, 9, 12], "texture": "#diamond_sword"},
				"west": {"uv": [9, 11.25, 8.75, 11.5], "texture": "#diamond_sword"},
				"up": {"uv": [8.75, 12, 9, 11.75], "rotation": 180, "texture": "#diamond_sword"},
				"down": {"uv": [9, 12, 9.25, 12.25], "rotation": 180, "texture": "#diamond_sword"}
			}
		},
		{
			"name": "Voxels",
			"from": [7, 8, 24],
			"to": [8, 9, 27],
			"rotation": {"angle": 0, "axis": "y", "origin": [13, 0, 0]},
			"faces": {
				"north": {"uv": [10.75, 14.25, 11, 14.5], "texture": "#diamond_sword"},
				"east": {"uv": [9.5, 14.5, 10.25, 14.75], "texture": "#diamond_sword"},
				"south": {"uv": [11.25, 14.25, 11, 14.5], "texture": "#diamond_sword"},
				"west": {"uv": [8.75, 8, 8, 8.25], "texture": "#diamond_sword"},
				"up": {"uv": [7.75, 10, 8, 9.25], "rotation": 180, "texture": "#diamond_sword"},
				"down": {"uv": [9.25, 12.5, 9.5, 13.25], "rotation": 180, "texture": "#diamond_sword"}
			}
		},
		{
			"name": "Voxels",
			"from": [6, 9, 27],
			"to": [7, 10, 28],
			"rotation": {"angle": 0, "axis": "y", "origin": [13, 0, 0]},
			"faces": {
				"north": {"uv": [15.5, 14.5, 15.75, 14.75], "texture": "#diamond_sword"},
				"east": {"uv": [14.75, 14.5, 15, 14.75], "texture": "#diamond_sword"},
				"south": {"uv": [16, 14.5, 15.75, 14.75], "texture": "#diamond_sword"},
				"west": {"uv": [14.75, 14.5, 14.5, 14.75], "texture": "#diamond_sword"},
				"up": {"uv": [9.5, 13, 9.75, 12.75], "rotation": 180, "texture": "#diamond_sword"},
				"down": {"uv": [9.5, 12.5, 9.75, 12.75], "rotation": 180, "texture": "#diamond_sword"}
			}
		},
		{
			"name": "Voxels",
			"from": [6, 9, 19],
			"to": [9, 10, 24],
			"rotation": {"angle": 0, "axis": "y", "origin": [13, 0, 0]},
			"faces": {
				"north": {"uv": [8, 13.25, 8.75, 13.5], "texture": "#diamond_sword"},
				"east": {"uv": [14.75, 15.5, 16, 15.75], "texture": "#diamond_sword"},
				"south": {"uv": [8.75, 12.5, 8, 12.75], "texture": "#diamond_sword"},
				"west": {"uv": [13.5, 15.25, 12.25, 15.5], "texture": "#diamond_sword"},
				"up": {"uv": [0, 10.25, 0.75, 9], "rotation": 180, "texture": "#diamond_sword"},
				"down": {"uv": [0, 10.25, 0.75, 11.5], "rotation": 180, "texture": "#diamond_sword"}
			}
		},
		{
			"name": "Voxels",
			"from": [7, 10, 25],
			"to": [8, 11, 27],
			"rotation": {"angle": 0, "axis": "y", "origin": [13, 0, 0]},
			"faces": {
				"north": {"uv": [12.75, 14.5, 13, 14.75], "texture": "#diamond_sword"},
				"east": {"uv": [8.75, 13.25, 9.25, 13.5], "texture": "#diamond_sword"},
				"south": {"uv": [9, 8.5, 8.75, 8.75], "texture": "#diamond_sword"},
				"west": {"uv": [6.5, 9.75, 6, 10], "texture": "#diamond_sword"},
				"up": {"uv": [9, 8.5, 9.25, 8], "rotation": 180, "texture": "#diamond_sword"},
				"down": {"uv": [9.25, 10.5, 9.5, 11], "rotation": 180, "texture": "#diamond_sword"}
			}
		},
		{
			"name": "Voxels",
			"from": [6, 8, 19],
			"to": [7, 9, 25],
			"rotation": {"angle": 0, "axis": "y", "origin": [13, 0, 0]},
			"faces": {
				"north": {"uv": [8.75, 9.5, 9, 9.75], "texture": "#diamond_sword"},
				"east": {"uv": [10.75, 15.25, 12.25, 15.5], "texture": "#diamond_sword"},
				"south": {"uv": [9.25, 9.5, 9, 9.75], "texture": "#diamond_sword"},
				"west": {"uv": [10.75, 15.25, 9.25, 15.5], "texture": "#diamond_sword"},
				"up": {"uv": [6.75, 12.75, 7, 11.25], "rotation": 180, "texture": "#diamond_sword"},
				"down": {"uv": [6.5, 8, 6.75, 9.5], "rotation": 180, "texture": "#diamond_sword"}
			}
		},
		{
			"name": "Voxels",
			"from": [5, 8, -2],
			"to": [10, 11, -1],
			"rotation": {"angle": 0, "axis": "y", "origin": [13, 0, 0]},
			"faces": {
				"north": {"uv": [2, 9.5, 3.25, 10.25], "texture": "#diamond_sword"},
				"east": {"uv": [7.5, 9.25, 7.75, 10], "texture": "#diamond_sword"},
				"south": {"uv": [2, 9.5, 0.75, 10.25], "texture": "#diamond_sword"},
				"west": {"uv": [8, 10, 7.75, 10.75], "texture": "#diamond_sword"},
				"up": {"uv": [9.25, 15.25, 10.5, 15], "rotation": 180, "texture": "#diamond_sword"},
				"down": {"uv": [8, 15, 9.25, 15.25], "rotation": 180, "texture": "#diamond_sword"}
			}
		},
		{
			"name": "Voxels",
			"from": [6, 9, 11],
			"to": [9, 10, 19],
			"rotation": {"angle": 0, "axis": "y", "origin": [13, 0, 0]},
			"faces": {
				"north": {"uv": [8, 13, 8.75, 13.25], "texture": "#diamond_sword"},
				"east": {"uv": [7.5, 15.5, 9.5, 15.75], "texture": "#diamond_sword"},
				"south": {"uv": [8.75, 12.75, 8, 13], "texture": "#diamond_sword"},
				"west": {"uv": [11.75, 15.75, 9.75, 16], "texture": "#diamond_sword"},
				"up": {"uv": [2.25, 14.5, 3, 12.5], "rotation": 180, "texture": "#diamond_sword"},
				"down": {"uv": [1.5, 12.5, 2.25, 14.5], "rotation": 180, "texture": "#diamond_sword"}
			}
		},
		{
			"name": "Voxels",
			"from": [7, 10, 20],
			"to": [8, 11, 25],
			"rotation": {"angle": 0, "axis": "y", "origin": [13, 0, 0]},
			"faces": {
				"north": {"uv": [8.75, 10.25, 9, 10.5], "texture": "#diamond_sword"},
				"east": {"uv": [9.25, 14.75, 10.5, 15], "texture": "#diamond_sword"},
				"south": {"uv": [9.25, 10.25, 9, 10.5], "texture": "#diamond_sword"},
				"west": {"uv": [11.75, 14.75, 10.5, 15], "texture": "#diamond_sword"},
				"up": {"uv": [7.75, 13.75, 8, 12.5], "rotation": 180, "texture": "#diamond_sword"},
				"down": {"uv": [7.5, 12.5, 7.75, 13.75], "rotation": 180, "texture": "#diamond_sword"}
			}
		},
		{
			"name": "Voxels",
			"from": [7, 8, 11],
			"to": [8, 9, 20],
			"rotation": {"angle": 0, "axis": "y", "origin": [13, 0, 0]},
			"faces": {
				"north": {"uv": [9, 10, 9.25, 10.25], "texture": "#diamond_sword"},
				"east": {"uv": [4.25, 14.75, 6.5, 15], "texture": "#diamond_sword"},
				"south": {"uv": [9, 10, 8.75, 10.25], "texture": "#diamond_sword"},
				"west": {"uv": [9.75, 15.75, 7.5, 16], "texture": "#diamond_sword"},
				"up": {"uv": [6.5, 16, 6.75, 13.75], "rotation": 180, "texture": "#diamond_sword"},
				"down": {"uv": [6.5, 11.5, 6.75, 13.75], "rotation": 180, "texture": "#diamond_sword"}
			}
		},
		{
			"name": "Voxels",
			"from": [6, 9, 24],
			"to": [7, 10, 25],
			"rotation": {"angle": 0, "axis": "y", "origin": [13, 0, 0]},
			"faces": {
				"north": {"uv": [9, 9, 9.25, 9.25], "texture": "#diamond_sword"},
				"east": {"uv": [8.75, 8.75, 9, 9], "texture": "#diamond_sword"},
				"south": {"uv": [9, 9, 8.75, 9.25], "texture": "#diamond_sword"},
				"west": {"uv": [9.25, 8.75, 9, 9], "texture": "#diamond_sword"},
				"up": {"uv": [9, 9.5, 9.25, 9.25], "rotation": 180, "texture": "#diamond_sword"},
				"down": {"uv": [8.75, 9.25, 9, 9.5], "rotation": 180, "texture": "#diamond_sword"}
			}
		},
		{
			"name": "Voxels",
			"from": [6, 9, -1],
			"to": [9, 10, 11],
			"rotation": {"angle": 0, "axis": "y", "origin": [13, 0, 0]},
			"faces": {
				"north": {"uv": [0, 8, 0.75, 8.25], "texture": "#diamond_sword"},
				"east": {"uv": [3.25, 11.5, 6.25, 11.75], "texture": "#diamond_sword"},
				"south": {"uv": [11.75, 14.5, 11, 14.75], "texture": "#diamond_sword"},
				"west": {"uv": [6.25, 11.25, 3.25, 11.5], "texture": "#diamond_sword"},
				"up": {"uv": [0, 14.5, 0.75, 11.5], "rotation": 180, "texture": "#diamond_sword"},
				"down": {"uv": [0.75, 11.5, 1.5, 14.5], "rotation": 180, "texture": "#diamond_sword"}
			}
		},
		{
			"name": "Voxels",
			"from": [7, 10, 12],
			"to": [8, 11, 20],
			"rotation": {"angle": 0, "axis": "y", "origin": [13, 0, 0]},
			"faces": {
				"north": {"uv": [9.5, 13, 9.75, 13.25], "texture": "#diamond_sword"},
				"east": {"uv": [13.75, 15.75, 15.75, 16], "texture": "#diamond_sword"},
				"south": {"uv": [9.75, 13.25, 9.5, 13.5], "texture": "#diamond_sword"},
				"west": {"uv": [13.75, 15.75, 11.75, 16], "texture": "#diamond_sword"},
				"up": {"uv": [3, 14.5, 3.25, 12.5], "rotation": 180, "texture": "#diamond_sword"},
				"down": {"uv": [6.5, 9.5, 6.75, 11.5], "rotation": 180, "texture": "#diamond_sword"}
			}
		},
		{
			"name": "Voxels",
			"from": [6, 11, -3],
			"to": [9, 12, -2],
			"rotation": {"angle": 0, "axis": "y", "origin": [13, 0, 0]},
			"faces": {
				"north": {"uv": [8, 11, 8.75, 11.25], "texture": "#diamond_sword"},
				"east": {"uv": [9.75, 14.25, 10, 14.5], "texture": "#diamond_sword"},
				"south": {"uv": [8.75, 11.75, 8, 12], "texture": "#diamond_sword"},
				"west": {"uv": [10.25, 14.25, 10, 14.5], "texture": "#diamond_sword"},
				"up": {"uv": [8, 12.25, 8.75, 12], "rotation": 180, "texture": "#diamond_sword"},
				"down": {"uv": [8, 12.25, 8.75, 12.5], "rotation": 180, "texture": "#diamond_sword"}
			}
		},
		{
			"name": "Voxels",
			"from": [7, 7, -1],
			"to": [8, 9, 0],
			"rotation": {"angle": 0, "axis": "y", "origin": [13, 0, 0]},
			"faces": {
				"north": {"uv": [9.25, 10, 9.5, 10.5], "texture": "#diamond_sword"},
				"east": {"uv": [6.25, 15.25, 6.5, 15.75], "texture": "#diamond_sword"},
				"south": {"uv": [9, 8, 8.75, 8.5], "texture": "#diamond_sword"},
				"west": {"uv": [9.5, 9.5, 9.25, 10], "texture": "#diamond_sword"},
				"up": {"uv": [12.5, 14.75, 12.75, 14.5], "rotation": 180, "texture": "#diamond_sword"},
				"down": {"uv": [12.25, 14.5, 12.5, 14.75], "rotation": 180, "texture": "#diamond_sword"}
			}
		},
		{
			"name": "Voxels",
			"from": [7, 7, -2],
			"to": [8, 8, -1],
			"rotation": {"angle": 0, "axis": "y", "origin": [13, 0, 0]},
			"faces": {
				"north": {"uv": [13.75, 14.5, 14, 14.75], "texture": "#diamond_sword"},
				"east": {"uv": [14, 14.5, 14.25, 14.75], "texture": "#diamond_sword"},
				"south": {"uv": [13.75, 14.5, 13.5, 14.75], "texture": "#diamond_sword"},
				"west": {"uv": [14.5, 14.5, 14.25, 14.75], "texture": "#diamond_sword"},
				"up": {"uv": [13.25, 14.75, 13.5, 14.5], "rotation": 180, "texture": "#diamond_sword"},
				"down": {"uv": [13, 14.5, 13.25, 14.75], "rotation": 180, "texture": "#diamond_sword"}
			}
		},
		{
			"name": "Voxels",
			"from": [7, 8, 0],
			"to": [8, 9, 12],
			"rotation": {"angle": 0, "axis": "y", "origin": [13, 0, 0]},
			"faces": {
				"north": {"uv": [15.25, 14.5, 15.5, 14.75], "texture": "#diamond_sword"},
				"east": {"uv": [3.25, 10.75, 6.25, 11], "texture": "#diamond_sword"},
				"south": {"uv": [15.25, 14.5, 15, 14.75], "texture": "#diamond_sword"},
				"west": {"uv": [6.25, 11, 3.25, 11.25], "texture": "#diamond_sword"},
				"up": {"uv": [3.75, 15.75, 4, 12.75], "rotation": 180, "texture": "#diamond_sword"},
				"down": {"uv": [4, 12.75, 4.25, 15.75], "rotation": 180, "texture": "#diamond_sword"}
			}
		},
		{
			"name": "Voxels",
			"from": [6, 9, 19],
			"to": [7, 10, 20],
			"rotation": {"angle": 0, "axis": "y", "origin": [13, 0, 0]},
			"faces": {
				"north": {"uv": [9.5, 10, 9.75, 10.25], "texture": "#diamond_sword"},
				"east": {"uv": [9.5, 9.75, 9.75, 10], "texture": "#diamond_sword"},
				"south": {"uv": [9.75, 10.25, 9.5, 10.5], "texture": "#diamond_sword"},
				"west": {"uv": [9.75, 9.5, 9.5, 9.75], "texture": "#diamond_sword"},
				"up": {"uv": [9.5, 10.75, 9.75, 10.5], "rotation": 180, "texture": "#diamond_sword"},
				"down": {"uv": [9.5, 10.75, 9.75, 11], "rotation": 180, "texture": "#diamond_sword"}
			}
		},
		{
			"name": "Voxels",
			"from": [7, 10, -1],
			"to": [8, 11, 12],
			"rotation": {"angle": 0, "axis": "y", "origin": [13, 0, 0]},
			"faces": {
				"north": {"uv": [10.5, 14.25, 10.75, 14.5], "texture": "#diamond_sword"},
				"east": {"uv": [3.25, 12, 6.5, 12.25], "texture": "#diamond_sword"},
				"south": {"uv": [10.5, 14.25, 10.25, 14.5], "texture": "#diamond_sword"},
				"west": {"uv": [6.5, 11.75, 3.25, 12], "texture": "#diamond_sword"},
				"up": {"uv": [3.5, 15.75, 3.75, 12.5], "rotation": 180, "texture": "#diamond_sword"},
				"down": {"uv": [3.25, 12.5, 3.5, 15.75], "rotation": 180, "texture": "#diamond_sword"}
			}
		},
		{
			"name": "Voxels",
			"from": [7, 11, -2],
			"to": [8, 12, 0],
			"rotation": {"angle": 0, "axis": "y", "origin": [13, 0, 0]},
			"faces": {
				"north": {"uv": [13.5, 14.25, 13.75, 14.5], "texture": "#diamond_sword"},
				"east": {"uv": [8.75, 12.75, 9.25, 13], "texture": "#diamond_sword"},
				"south": {"uv": [13.5, 14.25, 13.25, 14.5], "texture": "#diamond_sword"},
				"west": {"uv": [9.25, 13, 8.75, 13.25], "texture": "#diamond_sword"},
				"up": {"uv": [9.5, 14.5, 9.75, 14], "rotation": 180, "texture": "#diamond_sword"},
				"down": {"uv": [9.25, 8, 9.5, 8.5], "rotation": 180, "texture": "#diamond_sword"}
			}
		},
		{
			"name": "Voxels",
			"from": [6, 9, 11],
			"to": [7, 10, 12],
			"rotation": {"angle": 0, "axis": "y", "origin": [13, 0, 0]},
			"faces": {
				"north": {"uv": [15, 14.25, 15.25, 14.5], "texture": "#diamond_sword"},
				"east": {"uv": [15.25, 14.25, 15.5, 14.5], "texture": "#diamond_sword"},
				"south": {"uv": [15, 14.25, 14.75, 14.5], "texture": "#diamond_sword"},
				"west": {"uv": [15.75, 14.25, 15.5, 14.5], "texture": "#diamond_sword"},
				"up": {"uv": [14.5, 14.5, 14.75, 14.25], "rotation": 180, "texture": "#diamond_sword"},
				"down": {"uv": [14.25, 14.25, 14.5, 14.5], "rotation": 180, "texture": "#diamond_sword"}
			}
		},
		{
			"name": "Voxels",
			"from": [7, 9, 30],
			"to": [9, 10, 31],
			"rotation": {"angle": 0, "axis": "y", "origin": [13, 0, 0]},
			"faces": {
				"north": {"uv": [15.5, 14.75, 16, 15], "texture": "#diamond_sword"},
				"east": {"uv": [8.75, 13.75, 9.25, 14], "texture": "#diamond_sword"},
				"south": {"uv": [16, 15, 15.5, 15.25], "texture": "#diamond_sword"},
				"west": {"uv": [9.25, 13.5, 8.75, 13.75], "texture": "#diamond_sword"},
				"up": {"uv": [7.5, 11.25, 8, 10.75], "rotation": 180, "texture": "#diamond_sword"},
				"down": {"uv": [2.75, 10.25, 3.25, 10.75], "rotation": 180, "texture": "#diamond_sword"}
			}
		},
		{
			"name": "Voxels",
			"from": [7, 8, 30],
			"to": [8, 9, 31],
			"rotation": {"angle": 0, "axis": "y", "origin": [13, 0, 0]},
			"faces": {
				"north": {"uv": [10.25, 14, 10.5, 14.25], "texture": "#diamond_sword"},
				"east": {"uv": [9, 12.5, 9.25, 12.75], "texture": "#diamond_sword"},
				"south": {"uv": [9, 12.5, 8.75, 12.75], "texture": "#diamond_sword"},
				"west": {"uv": [9, 12.25, 8.75, 12.5], "texture": "#diamond_sword"},
				"up": {"uv": [15.75, 16, 16, 15.75], "rotation": 180, "texture": "#diamond_sword"},
				"down": {"uv": [6.25, 8, 6.5, 8.25], "rotation": 180, "texture": "#diamond_sword"}
			}
		},
		{
			"name": "Voxels",
			"from": [6, 9, 27],
			"to": [9, 10, 30],
			"rotation": {"angle": 0, "axis": "y", "origin": [13, 0, 0]},
			"faces": {
				"north": {"uv": [8, 9.25, 8.75, 9.5], "texture": "#diamond_sword"},
				"east": {"uv": [8, 9, 8.75, 9.25], "texture": "#diamond_sword"},
				"south": {"uv": [8.75, 9.5, 8, 9.75], "texture": "#diamond_sword"},
				"west": {"uv": [8.75, 8.75, 8, 9], "texture": "#diamond_sword"},
				"up": {"uv": [4.25, 14, 5, 13.25], "rotation": 180, "texture": "#diamond_sword"},
				"down": {"uv": [4.25, 12.5, 5, 13.25], "rotation": 180, "texture": "#diamond_sword"}
			}
		},
		{
			"name": "Voxels",
			"from": [7, 10, 30],
			"to": [8, 11, 31],
			"rotation": {"angle": 0, "axis": "y", "origin": [13, 0, 0]},
			"faces": {
				"north": {"uv": [8.75, 11.5, 9, 11.75], "texture": "#diamond_sword"},
				"east": {"uv": [9, 11.5, 9.25, 11.75], "texture": "#diamond_sword"},
				"south": {"uv": [9.25, 11.75, 9, 12], "texture": "#diamond_sword"},
				"west": {"uv": [9, 11.25, 8.75, 11.5], "texture": "#diamond_sword"},
				"up": {"uv": [8.75, 12, 9, 11.75], "rotation": 180, "texture": "#diamond_sword"},
				"down": {"uv": [9, 12, 9.25, 12.25], "rotation": 180, "texture": "#diamond_sword"}
			}
		},
		{
			"name": "Voxels",
			"from": [7, 8, 27],
			"to": [8, 9, 30],
			"rotation": {"angle": 0, "axis": "y", "origin": [13, 0, 0]},
			"faces": {
				"north": {"uv": [10.75, 14.25, 11, 14.5], "texture": "#diamond_sword"},
				"east": {"uv": [9.5, 14.5, 10.25, 14.75], "texture": "#diamond_sword"},
				"south": {"uv": [11.25, 14.25, 11, 14.5], "texture": "#diamond_sword"},
				"west": {"uv": [8.75, 8, 8, 8.25], "texture": "#diamond_sword"},
				"up": {"uv": [7.75, 10, 8, 9.25], "rotation": 180, "texture": "#diamond_sword"},
				"down": {"uv": [9.25, 12.5, 9.5, 13.25], "rotation": 180, "texture": "#diamond_sword"}
			}
		},
		{
			"name": "Voxels",
			"from": [6, 9, 30],
			"to": [7, 10, 31],
			"rotation": {"angle": 0, "axis": "y", "origin": [13, 0, 0]},
			"faces": {
				"north": {"uv": [15.5, 14.5, 15.75, 14.75], "texture": "#diamond_sword"},
				"east": {"uv": [14.75, 14.5, 15, 14.75], "texture": "#diamond_sword"},
				"south": {"uv": [16, 14.5, 15.75, 14.75], "texture": "#diamond_sword"},
				"west": {"uv": [14.75, 14.5, 14.5, 14.75], "texture": "#diamond_sword"},
				"up": {"uv": [9.5, 13, 9.75, 12.75], "rotation": 180, "texture": "#diamond_sword"},
				"down": {"uv": [9.5, 12.5, 9.75, 12.75], "rotation": 180, "texture": "#diamond_sword"}
			}
		},
		{
			"name": "Voxels",
			"from": [6, 9, 22],
			"to": [9, 10, 27],
			"rotation": {"angle": 0, "axis": "y", "origin": [13, 0, 0]},
			"faces": {
				"north": {"uv": [8, 13.25, 8.75, 13.5], "texture": "#diamond_sword"},
				"east": {"uv": [14.75, 15.5, 16, 15.75], "texture": "#diamond_sword"},
				"south": {"uv": [8.75, 12.5, 8, 12.75], "texture": "#diamond_sword"},
				"west": {"uv": [13.5, 15.25, 12.25, 15.5], "texture": "#diamond_sword"},
				"up": {"uv": [0, 10.25, 0.75, 9], "rotation": 180, "texture": "#diamond_sword"},
				"down": {"uv": [0, 10.25, 0.75, 11.5], "rotation": 180, "texture": "#diamond_sword"}
			}
		},
		{
			"name": "Voxels",
			"from": [7, 10, 28],
			"to": [8, 11, 30],
			"rotation": {"angle": 0, "axis": "y", "origin": [13, 0, 0]},
			"faces": {
				"north": {"uv": [12.75, 14.5, 13, 14.75], "texture": "#diamond_sword"},
				"east": {"uv": [8.75, 13.25, 9.25, 13.5], "texture": "#diamond_sword"},
				"south": {"uv": [9, 8.5, 8.75, 8.75], "texture": "#diamond_sword"},
				"west": {"uv": [6.5, 9.75, 6, 10], "texture": "#diamond_sword"},
				"up": {"uv": [9, 8.5, 9.25, 8], "rotation": 180, "texture": "#diamond_sword"},
				"down": {"uv": [9.25, 10.5, 9.5, 11], "rotation": 180, "texture": "#diamond_sword"}
			}
		},
		{
			"name": "Voxels",
			"from": [6, 8, 22],
			"to": [7, 9, 28],
			"rotation": {"angle": 0, "axis": "y", "origin": [13, 0, 0]},
			"faces": {
				"north": {"uv": [8.75, 9.5, 9, 9.75], "texture": "#diamond_sword"},
				"east": {"uv": [10.75, 15.25, 12.25, 15.5], "texture": "#diamond_sword"},
				"south": {"uv": [9.25, 9.5, 9, 9.75], "texture": "#diamond_sword"},
				"west": {"uv": [10.75, 15.25, 9.25, 15.5], "texture": "#diamond_sword"},
				"up": {"uv": [6.75, 12.75, 7, 11.25], "rotation": 180, "texture": "#diamond_sword"},
				"down": {"uv": [6.5, 8, 6.75, 9.5], "rotation": 180, "texture": "#diamond_sword"}
			}
		},
		{
			"name": "Voxels",
			"from": [6, 9, 14],
			"to": [9, 10, 22],
			"rotation": {"angle": 0, "axis": "y", "origin": [13, 0, 0]},
			"faces": {
				"north": {"uv": [8, 13, 8.75, 13.25], "texture": "#diamond_sword"},
				"east": {"uv": [7.5, 15.5, 9.5, 15.75], "texture": "#diamond_sword"},
				"south": {"uv": [8.75, 12.75, 8, 13], "texture": "#diamond_sword"},
				"west": {"uv": [11.75, 15.75, 9.75, 16], "texture": "#diamond_sword"},
				"up": {"uv": [2.25, 14.5, 3, 12.5], "rotation": 180, "texture": "#diamond_sword"},
				"down": {"uv": [1.5, 12.5, 2.25, 14.5], "rotation": 180, "texture": "#diamond_sword"}
			}
		},
		{
			"name": "Voxels",
			"from": [7, 10, 23],
			"to": [8, 11, 28],
			"rotation": {"angle": 0, "axis": "y", "origin": [13, 0, 0]},
			"faces": {
				"north": {"uv": [8.75, 10.25, 9, 10.5], "texture": "#diamond_sword"},
				"east": {"uv": [9.25, 14.75, 10.5, 15], "texture": "#diamond_sword"},
				"south": {"uv": [9.25, 10.25, 9, 10.5], "texture": "#diamond_sword"},
				"west": {"uv": [11.75, 14.75, 10.5, 15], "texture": "#diamond_sword"},
				"up": {"uv": [7.75, 13.75, 8, 12.5], "rotation": 180, "texture": "#diamond_sword"},
				"down": {"uv": [7.5, 12.5, 7.75, 13.75], "rotation": 180, "texture": "#diamond_sword"}
			}
		},
		{
			"name": "Voxels",
			"from": [7, 8, 14],
			"to": [8, 9, 23],
			"rotation": {"angle": 0, "axis": "y", "origin": [13, 0, 0]},
			"faces": {
				"north": {"uv": [9, 10, 9.25, 10.25], "texture": "#diamond_sword"},
				"east": {"uv": [4.25, 14.75, 6.5, 15], "texture": "#diamond_sword"},
				"south": {"uv": [9, 10, 8.75, 10.25], "texture": "#diamond_sword"},
				"west": {"uv": [9.75, 15.75, 7.5, 16], "texture": "#diamond_sword"},
				"up": {"uv": [6.5, 16, 6.75, 13.75], "rotation": 180, "texture": "#diamond_sword"},
				"down": {"uv": [6.5, 11.5, 6.75, 13.75], "rotation": 180, "texture": "#diamond_sword"}
			}
		},
		{
			"name": "Voxels",
			"from": [6, 9, 27],
			"to": [7, 10, 28],
			"rotation": {"angle": 0, "axis": "y", "origin": [13, 0, 0]},
			"faces": {
				"north": {"uv": [9, 9, 9.25, 9.25], "texture": "#diamond_sword"},
				"east": {"uv": [8.75, 8.75, 9, 9], "texture": "#diamond_sword"},
				"south": {"uv": [9, 9, 8.75, 9.25], "texture": "#diamond_sword"},
				"west": {"uv": [9.25, 8.75, 9, 9], "texture": "#diamond_sword"},
				"up": {"uv": [9, 9.5, 9.25, 9.25], "rotation": 180, "texture": "#diamond_sword"},
				"down": {"uv": [8.75, 9.25, 9, 9.5], "rotation": 180, "texture": "#diamond_sword"}
			}
		},
		{
			"name": "Voxels",
			"from": [6, 9, 2],
			"to": [9, 10, 14],
			"rotation": {"angle": 0, "axis": "y", "origin": [13, 0, 0]},
			"faces": {
				"north": {"uv": [0, 8, 0.75, 8.25], "texture": "#diamond_sword"},
				"east": {"uv": [3.25, 11.5, 6.25, 11.75], "texture": "#diamond_sword"},
				"south": {"uv": [11.75, 14.5, 11, 14.75], "texture": "#diamond_sword"},
				"west": {"uv": [6.25, 11.25, 3.25, 11.5], "texture": "#diamond_sword"},
				"up": {"uv": [0, 14.5, 0.75, 11.5], "rotation": 180, "texture": "#diamond_sword"},
				"down": {"uv": [0.75, 11.5, 1.5, 14.5], "rotation": 180, "texture": "#diamond_sword"}
			}
		},
		{
			"name": "Voxels",
			"from": [7, 10, 15],
			"to": [8, 11, 23],
			"rotation": {"angle": 0, "axis": "y", "origin": [13, 0, 0]},
			"faces": {
				"north": {"uv": [9.5, 13, 9.75, 13.25], "texture": "#diamond_sword"},
				"east": {"uv": [13.75, 15.75, 15.75, 16], "texture": "#diamond_sword"},
				"south": {"uv": [9.75, 13.25, 9.5, 13.5], "texture": "#diamond_sword"},
				"west": {"uv": [13.75, 15.75, 11.75, 16], "texture": "#diamond_sword"},
				"up": {"uv": [3, 14.5, 3.25, 12.5], "rotation": 180, "texture": "#diamond_sword"},
				"down": {"uv": [6.5, 9.5, 6.75, 11.5], "rotation": 180, "texture": "#diamond_sword"}
			}
		},
		{
			"name": "Voxels",
			"from": [7, 8, 3],
			"to": [8, 9, 15],
			"rotation": {"angle": 0, "axis": "y", "origin": [13, 0, 0]},
			"faces": {
				"north": {"uv": [15.25, 14.5, 15.5, 14.75], "texture": "#diamond_sword"},
				"east": {"uv": [3.25, 10.75, 6.25, 11], "texture": "#diamond_sword"},
				"south": {"uv": [15.25, 14.5, 15, 14.75], "texture": "#diamond_sword"},
				"west": {"uv": [6.25, 11, 3.25, 11.25], "texture": "#diamond_sword"},
				"up": {"uv": [3.75, 15.75, 4, 12.75], "rotation": 180, "texture": "#diamond_sword"},
				"down": {"uv": [4, 12.75, 4.25, 15.75], "rotation": 180, "texture": "#diamond_sword"}
			}
		},
		{
			"name": "Voxels",
			"from": [6, 9, 22],
			"to": [7, 10, 23],
			"rotation": {"angle": 0, "axis": "y", "origin": [13, 0, 0]},
			"faces": {
				"north": {"uv": [9.5, 10, 9.75, 10.25], "texture": "#diamond_sword"},
				"east": {"uv": [9.5, 9.75, 9.75, 10], "texture": "#diamond_sword"},
				"south": {"uv": [9.75, 10.25, 9.5, 10.5], "texture": "#diamond_sword"},
				"west": {"uv": [9.75, 9.5, 9.5, 9.75], "texture": "#diamond_sword"},
				"up": {"uv": [9.5, 10.75, 9.75, 10.5], "rotation": 180, "texture": "#diamond_sword"},
				"down": {"uv": [9.5, 10.75, 9.75, 11], "rotation": 180, "texture": "#diamond_sword"}
			}
		},
		{
			"name": "Voxels",
			"from": [7, 10, 2],
			"to": [8, 11, 15],
			"rotation": {"angle": 0, "axis": "y", "origin": [13, 0, 0]},
			"faces": {
				"north": {"uv": [10.5, 14.25, 10.75, 14.5], "texture": "#diamond_sword"},
				"east": {"uv": [3.25, 12, 6.5, 12.25], "texture": "#diamond_sword"},
				"south": {"uv": [10.5, 14.25, 10.25, 14.5], "texture": "#diamond_sword"},
				"west": {"uv": [6.5, 11.75, 3.25, 12], "texture": "#diamond_sword"},
				"up": {"uv": [3.5, 15.75, 3.75, 12.5], "rotation": 180, "texture": "#diamond_sword"},
				"down": {"uv": [3.25, 12.5, 3.5, 15.75], "rotation": 180, "texture": "#diamond_sword"}
			}
		},
		{
			"name": "Voxels",
			"from": [6, 9, 14],
			"to": [7, 10, 15],
			"rotation": {"angle": 0, "axis": "y", "origin": [13, 0, 0]},
			"faces": {
				"north": {"uv": [15, 14.25, 15.25, 14.5], "texture": "#diamond_sword"},
				"east": {"uv": [15.25, 14.25, 15.5, 14.5], "texture": "#diamond_sword"},
				"south": {"uv": [15, 14.25, 14.75, 14.5], "texture": "#diamond_sword"},
				"west": {"uv": [15.75, 14.25, 15.5, 14.5], "texture": "#diamond_sword"},
				"up": {"uv": [14.5, 14.5, 14.75, 14.25], "rotation": 180, "texture": "#diamond_sword"},
				"down": {"uv": [14.25, 14.25, 14.5, 14.5], "rotation": 180, "texture": "#diamond_sword"}
			}
		},
		{
			"name": "Voxels",
			"from": [6, 9, 30],
			"to": [8, 10, 31],
			"rotation": {"angle": 0, "axis": "y", "origin": [13, 0, 0]},
			"faces": {
				"north": {"uv": [15.5, 14.75, 16, 15], "texture": "#diamond_sword"},
				"east": {"uv": [8.75, 13.75, 9.25, 14], "texture": "#diamond_sword"},
				"south": {"uv": [16, 15, 15.5, 15.25], "texture": "#diamond_sword"},
				"west": {"uv": [9.25, 13.5, 8.75, 13.75], "texture": "#diamond_sword"},
				"up": {"uv": [7.5, 11.25, 8, 10.75], "rotation": 180, "texture": "#diamond_sword"},
				"down": {"uv": [2.75, 10.25, 3.25, 10.75], "rotation": 180, "texture": "#diamond_sword"}
			}
		},
		{
			"name": "Voxels",
			"from": [7, 9, 31],
			"to": [8, 10, 32],
			"rotation": {"angle": 0, "axis": "y", "origin": [13, 0, 0]},
			"faces": {
				"north": {"uv": [15.5, 14.75, 16, 15], "texture": "#diamond_sword"},
				"east": {"uv": [8.75, 13.75, 9.25, 14], "texture": "#diamond_sword"},
				"south": {"uv": [16, 15, 15.5, 15.25], "texture": "#diamond_sword"},
				"west": {"uv": [9.25, 13.5, 8.75, 13.75], "texture": "#diamond_sword"},
				"up": {"uv": [7.5, 11.25, 8, 10.75], "rotation": 180, "texture": "#diamond_sword"},
				"down": {"uv": [2.75, 10.25, 3.25, 10.75], "rotation": 180, "texture": "#diamond_sword"}
			}
		},
		{
			"name": "Voxels",
			"from": [2, 8, -2],
			"to": [3, 11, -1],
			"rotation": {"angle": 0, "axis": "y", "origin": [13, 0, 0]},
			"faces": {
				"north": {"uv": [9.25, 11, 9.5, 11.75], "texture": "#diamond_sword"},
				"east": {"uv": [7.25, 9.75, 7.5, 10.5], "texture": "#diamond_sword"},
				"south": {"uv": [9.5, 11.75, 9.25, 12.5], "texture": "#diamond_sword"},
				"west": {"uv": [7.5, 9, 7.25, 9.75], "texture": "#diamond_sword"},
				"up": {"uv": [9.75, 14.25, 10, 14], "rotation": 180, "texture": "#diamond_sword"},
				"down": {"uv": [15.75, 14.25, 16, 14.5], "rotation": 180, "texture": "#diamond_sword"}
			}
		},
		{
			"name": "Voxels",
			"from": [1, 9, -2],
			"to": [2, 10, -1],
			"rotation": {"angle": 0, "axis": "y", "origin": [13, 0, 0]},
			"faces": {
				"north": {"uv": [11.75, 14, 12, 14.25], "texture": "#diamond_sword"},
				"east": {"uv": [12, 14, 12.25, 14.25], "texture": "#diamond_sword"},
				"south": {"uv": [11.75, 14, 11.5, 14.25], "texture": "#diamond_sword"},
				"west": {"uv": [12.5, 14, 12.25, 14.25], "texture": "#diamond_sword"},
				"up": {"uv": [11.25, 14.25, 11.5, 14], "rotation": 180, "texture": "#diamond_sword"},
				"down": {"uv": [11, 14, 11.25, 14.25], "rotation": 180, "texture": "#diamond_sword"}
			}
		},
		{
			"from": [2, 9, -5],
			"to": [4, 10, -3],
			"faces": {
				"north": {"uv": [0, 0, 1, 1], "texture": "#2"},
				"east": {"uv": [0, 1, 1, 2], "texture": "#2"},
				"south": {"uv": [1, 0, 2, 1], "texture": "#2"},
				"west": {"uv": [1, 1, 2, 2], "texture": "#2"},
				"up": {"uv": [1, 3, 0, 2], "texture": "#2"},
				"down": {"uv": [3, 0, 2, 1], "texture": "#2"}
			}
		},
		{
			"from": [2, 9, -7],
			"to": [4, 10, -5],
			"faces": {
				"north": {"uv": [0, 0, 1, 1], "texture": "#2"},
				"east": {"uv": [0, 1, 1, 2], "texture": "#2"},
				"south": {"uv": [1, 0, 2, 1], "texture": "#2"},
				"west": {"uv": [1, 1, 2, 2], "texture": "#2"},
				"up": {"uv": [1, 3, 0, 2], "texture": "#2"},
				"down": {"uv": [3, 0, 2, 1], "texture": "#2"}
			}
		},
		{
			"from": [1, 9, -4],
			"to": [2, 10, -3],
			"faces": {
				"north": {"uv": [0, 0, 1, 1], "texture": "#2"},
				"east": {"uv": [0, 1, 1, 2], "texture": "#2"},
				"south": {"uv": [1, 0, 2, 1], "texture": "#2"},
				"west": {"uv": [1, 1, 2, 2], "texture": "#2"},
				"up": {"uv": [1, 3, 0, 2], "texture": "#2"},
				"down": {"uv": [3, 0, 2, 1], "texture": "#2"}
			}
		},
		{
			"from": [13, 9, -4],
			"to": [14, 10, -3],
			"faces": {
				"north": {"uv": [0, 0, 1, 1], "texture": "#2"},
				"east": {"uv": [0, 1, 1, 2], "texture": "#2"},
				"south": {"uv": [1, 0, 2, 1], "texture": "#2"},
				"west": {"uv": [1, 1, 2, 2], "texture": "#2"},
				"up": {"uv": [1, 3, 0, 2], "texture": "#2"},
				"down": {"uv": [3, 0, 2, 1], "texture": "#2"}
			}
		},
		{
			"from": [10, 9, -12],
			"to": [11, 10, -11],
			"faces": {
				"north": {"uv": [0, 0, 1, 1], "texture": "#2"},
				"east": {"uv": [0, 1, 1, 2], "texture": "#2"},
				"south": {"uv": [1, 0, 2, 1], "texture": "#2"},
				"west": {"uv": [1, 1, 2, 2], "texture": "#2"},
				"up": {"uv": [1, 3, 0, 2], "texture": "#2"},
				"down": {"uv": [3, 0, 2, 1], "texture": "#2"}
			}
		},
		{
			"from": [4, 9, -12],
			"to": [5, 10, -11],
			"faces": {
				"north": {"uv": [0, 0, 1, 1], "texture": "#2"},
				"east": {"uv": [0, 1, 1, 2], "texture": "#2"},
				"south": {"uv": [1, 0, 2, 1], "texture": "#2"},
				"west": {"uv": [1, 1, 2, 2], "texture": "#2"},
				"up": {"uv": [1, 3, 0, 2], "texture": "#2"},
				"down": {"uv": [3, 0, 2, 1], "texture": "#2"}
			}
		},
		{
			"from": [2, 9, -4],
			"to": [3, 10, -2],
			"faces": {
				"north": {"uv": [0, 0, 1, 1], "texture": "#2"},
				"east": {"uv": [0, 1, 1, 2], "texture": "#2"},
				"south": {"uv": [1, 0, 2, 1], "texture": "#2"},
				"west": {"uv": [1, 1, 2, 2], "texture": "#2"},
				"up": {"uv": [1, 3, 0, 2], "texture": "#2"},
				"down": {"uv": [3, 0, 2, 1], "texture": "#2"}
			}
		},
		{
			"from": [3, 9, -9],
			"to": [5, 10, -7],
			"faces": {
				"north": {"uv": [0, 0, 1, 1], "texture": "#2"},
				"east": {"uv": [0, 1, 1, 2], "texture": "#2"},
				"south": {"uv": [1, 0, 2, 1], "texture": "#2"},
				"west": {"uv": [1, 1, 2, 2], "texture": "#2"},
				"up": {"uv": [1, 3, 0, 2], "texture": "#2"},
				"down": {"uv": [3, 0, 2, 1], "texture": "#2"}
			}
		},
		{
			"from": [3, 9, -11],
			"to": [5, 10, -9],
			"faces": {
				"north": {"uv": [0, 0, 1, 1], "texture": "#2"},
				"east": {"uv": [0, 1, 1, 2], "texture": "#2"},
				"south": {"uv": [1, 0, 2, 1], "texture": "#2"},
				"west": {"uv": [1, 1, 2, 2], "texture": "#2"},
				"up": {"uv": [1, 3, 0, 2], "texture": "#2"},
				"down": {"uv": [3, 0, 2, 1], "texture": "#2"}
			}
		},
		{
			"from": [11, 9, -5],
			"to": [13, 10, -3],
			"faces": {
				"north": {"uv": [0, 0, 1, 1], "rotation": 180, "texture": "#2"},
				"east": {"uv": [1, 1, 2, 2], "rotation": 180, "texture": "#2"},
				"south": {"uv": [1, 0, 2, 1], "rotation": 180, "texture": "#2"},
				"west": {"uv": [0, 1, 1, 2], "rotation": 180, "texture": "#2"},
				"up": {"uv": [3, 0, 2, 1], "rotation": 180, "texture": "#2"},
				"down": {"uv": [1, 3, 0, 2], "rotation": 180, "texture": "#2"}
			}
		},
		{
			"from": [11, 9, -7],
			"to": [13, 10, -5],
			"faces": {
				"north": {"uv": [0, 0, 1, 1], "rotation": 180, "texture": "#2"},
				"east": {"uv": [1, 1, 2, 2], "rotation": 180, "texture": "#2"},
				"south": {"uv": [1, 0, 2, 1], "rotation": 180, "texture": "#2"},
				"west": {"uv": [0, 1, 1, 2], "rotation": 180, "texture": "#2"},
				"up": {"uv": [3, 0, 2, 1], "rotation": 180, "texture": "#2"},
				"down": {"uv": [1, 3, 0, 2], "rotation": 180, "texture": "#2"}
			}
		},
		{
			"from": [12, 9, -4],
			"to": [13, 10, -2],
			"faces": {
				"north": {"uv": [0, 0, 1, 1], "rotation": 180, "texture": "#2"},
				"east": {"uv": [1, 1, 2, 2], "rotation": 180, "texture": "#2"},
				"south": {"uv": [1, 0, 2, 1], "rotation": 180, "texture": "#2"},
				"west": {"uv": [0, 1, 1, 2], "rotation": 180, "texture": "#2"},
				"up": {"uv": [3, 0, 2, 1], "rotation": 180, "texture": "#2"},
				"down": {"uv": [1, 3, 0, 2], "rotation": 180, "texture": "#2"}
			}
		},
		{
			"from": [10, 9, -9],
			"to": [12, 10, -7],
			"faces": {
				"north": {"uv": [0, 0, 1, 1], "rotation": 180, "texture": "#2"},
				"east": {"uv": [1, 1, 2, 2], "rotation": 180, "texture": "#2"},
				"south": {"uv": [1, 0, 2, 1], "rotation": 180, "texture": "#2"},
				"west": {"uv": [0, 1, 1, 2], "rotation": 180, "texture": "#2"},
				"up": {"uv": [3, 0, 2, 1], "rotation": 180, "texture": "#2"},
				"down": {"uv": [1, 3, 0, 2], "rotation": 180, "texture": "#2"}
			}
		},
		{
			"from": [10, 9, -11],
			"to": [12, 10, -9],
			"faces": {
				"north": {"uv": [0, 0, 1, 1], "rotation": 180, "texture": "#2"},
				"east": {"uv": [1, 1, 2, 2], "rotation": 180, "texture": "#2"},
				"south": {"uv": [1, 0, 2, 1], "rotation": 180, "texture": "#2"},
				"west": {"uv": [0, 1, 1, 2], "rotation": 180, "texture": "#2"},
				"up": {"uv": [3, 0, 2, 1], "rotation": 180, "texture": "#2"},
				"down": {"uv": [1, 3, 0, 2], "rotation": 180, "texture": "#2"}
			}
		},
		{
			"from": [7, 9, -7],
			"to": [8, 10, -5],
			"faces": {
				"north": {"uv": [0, 0, 1, 1], "texture": "#2"},
				"east": {"uv": [0, 1, 1, 2], "texture": "#2"},
				"south": {"uv": [1, 0, 2, 1], "texture": "#2"},
				"west": {"uv": [1, 1, 2, 2], "texture": "#2"},
				"up": {"uv": [1, 3, 0, 2], "texture": "#2"},
				"down": {"uv": [3, 0, 2, 1], "texture": "#2"}
			}
		},
		{
			"from": [7, 9, -9],
			"to": [8, 10, -7],
			"faces": {
				"north": {"uv": [0, 0, 1, 1], "texture": "#2"},
				"east": {"uv": [0, 1, 1, 2], "texture": "#2"},
				"south": {"uv": [1, 0, 2, 1], "texture": "#2"},
				"west": {"uv": [1, 1, 2, 2], "texture": "#2"},
				"up": {"uv": [1, 3, 0, 2], "texture": "#2"},
				"down": {"uv": [3, 0, 2, 1], "texture": "#2"}
			}
		},
		{
			"from": [7, 9, -11],
			"to": [8, 10, -9],
			"faces": {
				"north": {"uv": [0, 0, 1, 1], "texture": "#2"},
				"east": {"uv": [0, 1, 1, 2], "texture": "#2"},
				"south": {"uv": [1, 0, 2, 1], "texture": "#2"},
				"west": {"uv": [1, 1, 2, 2], "texture": "#2"},
				"up": {"uv": [1, 3, 0, 2], "texture": "#2"},
				"down": {"uv": [3, 0, 2, 1], "texture": "#2"}
			}
		},
		{
			"from": [7, 9, -13],
			"to": [8, 10, -11],
			"faces": {
				"north": {"uv": [0, 0, 1, 1], "texture": "#2"},
				"east": {"uv": [0, 1, 1, 2], "texture": "#2"},
				"south": {"uv": [1, 0, 2, 1], "texture": "#2"},
				"west": {"uv": [1, 1, 2, 2], "texture": "#2"},
				"up": {"uv": [1, 3, 0, 2], "texture": "#2"},
				"down": {"uv": [3, 0, 2, 1], "texture": "#2"}
			}
		},
		{
			"from": [6, 9, -14],
			"to": [7, 10, -12],
			"faces": {
				"north": {"uv": [0, 0, 1, 1], "texture": "#2"},
				"east": {"uv": [0, 1, 1, 2], "texture": "#2"},
				"south": {"uv": [1, 0, 2, 1], "texture": "#2"},
				"west": {"uv": [1, 1, 2, 2], "texture": "#2"},
				"up": {"uv": [1, 3, 0, 2], "texture": "#2"},
				"down": {"uv": [3, 0, 2, 1], "texture": "#2"}
			}
		},
		{
			"from": [7, 9, -16],
			"to": [8, 10, -14],
			"faces": {
				"north": {"uv": [0, 0, 1, 1], "texture": "#2"},
				"east": {"uv": [0, 1, 1, 2], "texture": "#2"},
				"south": {"uv": [1, 0, 2, 1], "texture": "#2"},
				"west": {"uv": [1, 1, 2, 2], "texture": "#2"},
				"up": {"uv": [1, 3, 0, 2], "texture": "#2"},
				"down": {"uv": [3, 0, 2, 1], "texture": "#2"}
			}
		},
		{
			"from": [7, 9, -15],
			"to": [8, 10, -13],
			"faces": {
				"north": {"uv": [0, 0, 1, 1], "texture": "#2"},
				"east": {"uv": [0, 1, 1, 2], "texture": "#2"},
				"south": {"uv": [1, 0, 2, 1], "texture": "#2"},
				"west": {"uv": [1, 1, 2, 2], "texture": "#2"},
				"up": {"uv": [1, 3, 0, 2], "texture": "#2"},
				"down": {"uv": [3, 0, 2, 1], "texture": "#2"}
			}
		},
		{
			"from": [7, 9, -15],
			"to": [8, 10, -13],
			"faces": {
				"north": {"uv": [0, 0, 1, 1], "texture": "#2"},
				"east": {"uv": [0, 1, 1, 2], "texture": "#2"},
				"south": {"uv": [1, 0, 2, 1], "texture": "#2"},
				"west": {"uv": [1, 1, 2, 2], "texture": "#2"},
				"up": {"uv": [1, 3, 0, 2], "texture": "#2"},
				"down": {"uv": [3, 0, 2, 1], "texture": "#2"}
			}
		},
		{
			"from": [8, 9, -14],
			"to": [9, 10, -12],
			"faces": {
				"north": {"uv": [0, 0, 1, 1], "texture": "#2"},
				"east": {"uv": [0, 1, 1, 2], "texture": "#2"},
				"south": {"uv": [1, 0, 2, 1], "texture": "#2"},
				"west": {"uv": [1, 1, 2, 2], "texture": "#2"},
				"up": {"uv": [1, 3, 0, 2], "texture": "#2"},
				"down": {"uv": [3, 0, 2, 1], "texture": "#2"}
			}
		},
		{
			"from": [7, 9, -5],
			"to": [8, 10, -3],
			"faces": {
				"north": {"uv": [0, 0, 1, 1], "texture": "#2"},
				"east": {"uv": [0, 1, 1, 2], "texture": "#2"},
				"south": {"uv": [1, 0, 2, 1], "texture": "#2"},
				"west": {"uv": [1, 1, 2, 2], "texture": "#2"},
				"up": {"uv": [1, 3, 0, 2], "texture": "#2"},
				"down": {"uv": [3, 0, 2, 1], "texture": "#2"}
			}
		},
		{
			"from": [6, 9, -5],
			"to": [7, 10, -3],
			"faces": {
				"north": {"uv": [0, 0, 1, 1], "texture": "#2"},
				"east": {"uv": [0, 1, 1, 2], "texture": "#2"},
				"south": {"uv": [1, 0, 2, 1], "texture": "#2"},
				"west": {"uv": [1, 1, 2, 2], "texture": "#2"},
				"up": {"uv": [1, 3, 0, 2], "texture": "#2"},
				"down": {"uv": [3, 0, 2, 1], "texture": "#2"}
			}
		},
		{
			"from": [6, 9, -6],
			"to": [7, 10, -4],
			"faces": {
				"north": {"uv": [0, 0, 1, 1], "texture": "#2"},
				"east": {"uv": [0, 1, 1, 2], "texture": "#2"},
				"south": {"uv": [1, 0, 2, 1], "texture": "#2"},
				"west": {"uv": [1, 1, 2, 2], "texture": "#2"},
				"up": {"uv": [1, 3, 0, 2], "texture": "#2"},
				"down": {"uv": [3, 0, 2, 1], "texture": "#2"}
			}
		},
		{
			"from": [8, 9, -6],
			"to": [9, 10, -3],
			"faces": {
				"north": {"uv": [0, 0, 1, 1], "texture": "#2"},
				"east": {"uv": [0, 1, 1, 2], "texture": "#2"},
				"south": {"uv": [1, 0, 2, 1], "texture": "#2"},
				"west": {"uv": [1, 1, 2, 2], "texture": "#2"},
				"up": {"uv": [1, 3, 0, 2], "texture": "#2"},
				"down": {"uv": [3, 0, 2, 1], "texture": "#2"}
			}
		}
	],
	"display": {
		"thirdperson_righthand": {
			"rotation": [90, 0, -90],
			"translation": [-0.5, 0.5, 1.77],
			"scale": [0.8, 0.6, 0.7]
		},
		"thirdperson_lefthand": {
			"rotation": [90, 0, 90],
			"translation": [0.8, 9, 1.77],
			"scale": [0.8, 0.6, 0.7]
		},
		"firstperson_righthand": {
			"rotation": [79, 0, -120],
			"translation": [20, 6, -30],
			"scale": [1.5, 1.6, 1.7]
		},
		"firstperson_lefthand": {
			"rotation": [79, 0, 80],
			"translation": [20, 6, -30],
			"scale": [1.5, 1.6, 1.7]
		},
		"ground": {
			"scale": [1.4, 1.4, 1.4]
		},
		"gui": {
			"rotation": [90, -50, 0],
			"translation": [0, -0.5, 0],
			"scale": [0.4, 0.4, 0.4]
		},
		"fixed": {
			"rotation": [90, 0, 0],
			"translation": [0, 4, -5],
			"scale": [2, 2, 2]
		}
	},
	"groups": [
		0,
		1,
		2,
		3,
		4,
		5,
		6,
		7,
		8,
		9,
		10,
		11,
		12,
		13,
		14,
		15,
		16,
		17,
		18,
		19,
		20,
		21,
		22,
		23,
		24,
		25,
		26,
		27,
		28,
		29,
		30,
		31,
		32,
		33,
		34,
		35,
		36,
		37,
		38,
		39,
		40,
		41,
		42,
		43,
		44,
		45,
		46,
		47,
		48,
		49,
		50,
		51,
		52,
		{
			"name": "fang1",
			"origin": [0, 0, 0],
			"color": 0,
			"children": [53, 54, 55, 56, 57, 58, 59, 60, 61, 62, 63, 64, 65, 66, 67, 68, 69, 70, 71, 72, 73, 74, 75, 76, 77, 78, 79]
		}
	]
}